PERFIL_NUTRICIONAL; MOTORISTA; CODRACAO; TIPO_RACAO; TRATO; DIAS_CONF; DATA_ENTR; DATA_CONSUMO; LOTE; CURRAL; CAB; LEITURA; MS_DIETA; PREVISTO; REALIZADO; HORA_INICIAL; HORA_FINAL
TT;GUILHERME;10479;TERMINAÇÃO;1;69;21/11/2024;28/01/2025;11140;CUR-1;147;1;63,8252;572,5;585;07:32:08;07:32:36
TT;GUILHERME;10479;TERMINAÇÃO;2;69;21/11/2024;28/01/2025;11140;CUR-1;147;1;63,8252;572,5;575;10:21:57;10:22:42
TT;GUILHERME;10479;TERMINAÇÃO;3;69;21/11/2024;28/01/2025;11140;CUR-1;147;1;63,8252;572,5;585;13:15:41;13:16:10
TT;GUILHERME;10479;TERMINAÇÃO;4;69;21/11/2024;28/01/2025;11140;CUR-1;147;1;63,8252;545;570;16:07:01;16:07:26
TT;GUILHERME;10479;TERMINAÇÃO;1;53;07/12/2024;28/01/2025;11160;CUR-10;152;1;63,8252;593,75;590;07:59:01;07:59:29
TT;GUILHERME;10479;TERMINAÇÃO;2;53;07/12/2024;28/01/2025;11160;CUR-10;152;1;63,8252;593,75;620;10:46:43;10:47:12
TT;GUILHERME;10479;TERMINAÇÃO;3;53;07/12/2024;28/01/2025;11160;CUR-10;152;1;63,8252;593,75;550;13:43:52;13:44:20
TT;GUILHERME;10479;TERMINAÇÃO;4;53;07/12/2024;28/01/2025;11160;CUR-10;152;1;63,8252;615;570;16:43:13;16:43:39
TT;LUCIO;10479;TERMINAÇÃO;1;90;31/10/2024;28/01/2025;11107;CUR-100;150;1;63,8252;817,5;830;08:35:59;08:36:57
TT;LUCIO;10479;TERMINAÇÃO;2;90;31/10/2024;28/01/2025;11107;CUR-100;150;1;63,8252;817,5;820;10:12:00;10:12:52
TT;LUCIO;10479;TERMINAÇÃO;3;90;31/10/2024;28/01/2025;11107;CUR-100;150;1;63,8252;817,5;820;14:10:59;14:11:30
TT;LUCIO;10479;TERMINAÇÃO;4;90;31/10/2024;28/01/2025;11107;CUR-100;150;1;63,8252;800;800;14:58:50;14:59:45
C;GUILHERME;10478;CRESCIMENTO;2;40;20/12/2024;28/01/2025;11174;CUR-101;160;1;61,3816;610,0001;625;08:38:41;08:39:15
C;GUILHERME;10478;CRESCIMENTO;1;40;20/12/2024;28/01/2025;11174;CUR-101;160;1;61,3816;610,0001;670;09:14:56;09:15:23
C;GUILHERME;10478;CRESCIMENTO;4;40;20/12/2024;28/01/2025;11174;CUR-101;160;1;61,3816;1144,0004;1130;15:42:52;15:43:24
C;LUCIO;10478;CRESCIMENTO;3;40;20/12/2024;28/01/2025;11174;CUR-101;160;1;61,3816;610,0001;1;15:55:00;15:55:00
C;GUILHERME;10478;CRESCIMENTO;2;40;20/12/2024;28/01/2025;11175;CUR-102;148;1;61,3816;799,9999;790;08:39:17;08:39:38
C;GUILHERME;10478;CRESCIMENTO;1;40;20/12/2024;28/01/2025;11175;CUR-102;148;1;61,3816;799,9999;850;09:15:30;09:15:53
C;GUILHERME;10478;CRESCIMENTO;4;40;20/12/2024;28/01/2025;11175;CUR-102;148;1;61,3816;1558,9996;1625;15:43:25;15:43:49
C;LUCIO;10478;CRESCIMENTO;3;40;20/12/2024;28/01/2025;11175;CUR-102;148;1;61,3816;799,9999;1;15:55:00;15:55:00
C;GUILHERME;10478;CRESCIMENTO;2;39;21/12/2024;28/01/2025;11176;CUR-103;160;1;61,3816;708,75;765;08:39:40;08:40:02
C;GUILHERME;10478;CRESCIMENTO;1;39;21/12/2024;28/01/2025;11176;CUR-103;160;1;61,3816;708,75;735;09:15:53;09:16:15
C;GUILHERME;10478;CRESCIMENTO;4;39;21/12/2024;28/01/2025;11176;CUR-103;160;1;61,3816;1334;1320;15:43:49;15:44:12
C;LUCIO;10478;CRESCIMENTO;3;39;21/12/2024;28/01/2025;11176;CUR-103;160;1;61,3816;708,75;1;15:55:00;15:55:00
C;GUILHERME;10478;CRESCIMENTO;2;37;23/12/2024;28/01/2025;11178;CUR-104;155;1;61,3816;558,75;545;08:40:03;08:40:22
C;GUILHERME;10478;CRESCIMENTO;1;37;23/12/2024;28/01/2025;11178;CUR-104;155;1;61,3816;558,75;600;09:16:15;09:16:31
C;GUILHERME;10478;CRESCIMENTO;4;37;23/12/2024;28/01/2025;11178;CUR-104;155;1;61,3816;1089;1125;14:51:52;14:52:37
C;LUCIO;10478;CRESCIMENTO;3;37;23/12/2024;28/01/2025;11178;CUR-104;155;1;61,3816;558,75;1;15:55:00;15:55:00
TT;GUILHERME;10479;TERMINAÇÃO;1;53;07/12/2024;28/01/2025;11159;CUR-11;150;1;63,8252;688,75;710;07:59:31;07:59:50
TT;GUILHERME;10479;TERMINAÇÃO;2;53;07/12/2024;28/01/2025;11159;CUR-11;150;1;63,8252;688,75;745;10:47:13;10:47:31
TT;GUILHERME;10479;TERMINAÇÃO;3;53;07/12/2024;28/01/2025;11159;CUR-11;150;1;63,8252;688,75;710;13:44:20;13:44:42
TT;GUILHERME;10479;TERMINAÇÃO;4;53;07/12/2024;28/01/2025;11159;CUR-11;150;1;63,8252;590;600;16:43:40;16:44:02
TT;GUILHERME;10479;TERMINAÇÃO;1;47;13/12/2024;28/01/2025;11165;CUR-12;142;1;63,8252;728,75;775;07:59:55;08:00:16
TT;GUILHERME;10479;TERMINAÇÃO;2;47;13/12/2024;28/01/2025;11165;CUR-12;142;1;63,8252;728,75;750;10:47:35;10:48:00
TT;GUILHERME;10479;TERMINAÇÃO;3;47;13/12/2024;28/01/2025;11165;CUR-12;142;1;63,8252;728,75;725;13:44:47;13:45:12
TT;GUILHERME;10479;TERMINAÇÃO;4;47;13/12/2024;28/01/2025;11165;CUR-12;142;1;63,8252;665;670;16:44:03;16:44:24
TT;GUILHERME;10479;TERMINAÇÃO;1;47;13/12/2024;28/01/2025;11167;CUR-13;112;1;63,8252;642,5;655;08:00:19;08:00:45
TT;GUILHERME;10479;TERMINAÇÃO;2;47;13/12/2024;28/01/2025;11167;CUR-13;112;1;63,8252;642,5;645;10:48:01;10:48:24
TT;GUILHERME;10479;TERMINAÇÃO;3;47;13/12/2024;28/01/2025;11167;CUR-13;112;1;63,8252;642,5;670;13:45:12;13:45:38
TT;GUILHERME;10479;TERMINAÇÃO;4;47;13/12/2024;28/01/2025;11167;CUR-13;112;1;63,8252;600;615;16:44:26;16:44:49
TT;GUILHERME;10479;TERMINAÇÃO;1;50;10/12/2024;28/01/2025;11163;CUR-14;143;1;63,8252;818,75;785;08:01:00;08:01:36
TT;GUILHERME;10479;TERMINAÇÃO;2;50;10/12/2024;28/01/2025;11163;CUR-14;143;1;63,8252;818,75;825;10:48:27;10:48:50
TT;GUILHERME;10479;TERMINAÇÃO;3;50;10/12/2024;28/01/2025;11163;CUR-14;143;1;63,8252;818,75;820;13:45:38;13:46:05
TT;GUILHERME;10479;TERMINAÇÃO;4;50;10/12/2024;28/01/2025;11163;CUR-14;143;1;63,8252;845;740;16:44:49;16:45:13
TT;GUILHERME;10479;TERMINAÇÃO;1;49;11/12/2024;28/01/2025;11162;CUR-15;146;1;63,8252;827,5;790;08:01:36;08:02:02
TT;GUILHERME;10479;TERMINAÇÃO;2;49;11/12/2024;28/01/2025;11162;CUR-15;146;1;63,8252;827,5;855;10:48:51;10:49:12
TT;GUILHERME;10479;TERMINAÇÃO;3;49;11/12/2024;28/01/2025;11162;CUR-15;146;1;63,8252;827,5;845;13:46:07;13:46:31
TT;GUILHERME;10479;TERMINAÇÃO;4;49;11/12/2024;28/01/2025;11162;CUR-15;146;1;63,8252;820;820;16:45:13;16:45:35
TT;GUILHERME;10479;TERMINAÇÃO;1;54;06/12/2024;28/01/2025;11157;CUR-16;138;1;63,8252;742,5;685;08:02:04;08:02:30
TT;GUILHERME;10479;TERMINAÇÃO;2;54;06/12/2024;28/01/2025;11157;CUR-16;138;1;63,8252;742,5;675;10:49:14;10:49:39
TT;GUILHERME;10479;TERMINAÇÃO;3;54;06/12/2024;28/01/2025;11157;CUR-16;138;1;63,8252;742,5;715;13:46:32;13:46:54
TT;GUILHERME;10479;TERMINAÇÃO;4;54;06/12/2024;28/01/2025;11157;CUR-16;138;1;63,8252;895;850;16:45:36;16:45:57
TT;GUILHERME;10479;TERMINAÇÃO;1;51;09/12/2024;28/01/2025;11161;CUR-17;123;1;63,8252;617,5;660;08:02:30;08:02:56
TT;GUILHERME;10479;TERMINAÇÃO;2;51;09/12/2024;28/01/2025;11161;CUR-17;123;1;63,8252;617,5;545;10:49:39;10:50:04
TT;GUILHERME;10479;TERMINAÇÃO;3;51;09/12/2024;28/01/2025;11161;CUR-17;123;1;63,8252;617,5;615;13:46:56;13:47:19
TT;GUILHERME;10479;TERMINAÇÃO;4;51;09/12/2024;28/01/2025;11161;CUR-17;123;1;63,8252;650;590;16:45:59;16:46:22
TT;GUILHERME;10479;TERMINAÇÃO;1;54;06/12/2024;28/01/2025;11158;CUR-18;104;1;63,8252;680,0001;675;08:02:56;08:03:19
TT;GUILHERME;10479;TERMINAÇÃO;2;54;06/12/2024;28/01/2025;11158;CUR-18;104;1;63,8252;680,0001;695;10:50:04;10:50:24
TT;GUILHERME;10479;TERMINAÇÃO;3;54;06/12/2024;28/01/2025;11158;CUR-18;104;1;63,8252;680,0001;680;13:47:21;13:47:44
TT;GUILHERME;10479;TERMINAÇÃO;4;54;06/12/2024;28/01/2025;11158;CUR-18;104;1;63,8252;670,0004;660;16:46:22;16:46:45
TT;GUILHERME;10479;TERMINAÇÃO;1;55;05/12/2024;28/01/2025;11156;CUR-19;135;1;63,8252;847,5;890;08:03:20;08:03:47
TT;GUILHERME;10479;TERMINAÇÃO;2;55;05/12/2024;28/01/2025;11156;CUR-19;135;1;63,8252;847,5;830;10:50:25;10:50:56
TT;GUILHERME;10479;TERMINAÇÃO;3;55;05/12/2024;28/01/2025;11156;CUR-19;135;1;63,8252;847,5;825;13:47:46;13:48:11
TT;GUILHERME;10479;TERMINAÇÃO;4;55;05/12/2024;28/01/2025;11156;CUR-19;135;1;63,8252;845;860;16:46:45;16:47:12
TT;GUILHERME;10479;TERMINAÇÃO;1;71;19/11/2024;28/01/2025;11136;CUR-2;155;1;63,8252;746,2499;760;07:32:37;07:33:04
TT;GUILHERME;10479;TERMINAÇÃO;2;71;19/11/2024;28/01/2025;11136;CUR-2;155;1;63,8252;746,2499;755;10:22:43;10:23:12
TT;GUILHERME;10479;TERMINAÇÃO;3;71;19/11/2024;28/01/2025;11136;CUR-2;155;1;63,8252;746,2499;755;13:16:11;13:16:37
TT;GUILHERME;10479;TERMINAÇÃO;4;71;19/11/2024;28/01/2025;11136;CUR-2;155;1;63,8252;714,9996;715;16:07:33;16:07:56
TT;GUILHERME;10479;TERMINAÇÃO;1;56;04/12/2024;28/01/2025;11154;CUR-20;143;1;63,8252;612,7499;650;09:34:47;09:35:19
TT;LUCIO;10479;TERMINAÇÃO;2;56;04/12/2024;28/01/2025;11154;CUR-20;143;1;63,8252;612,7499;590;10:55:32;10:56:53
TT;GUILHERME;10479;TERMINAÇÃO;3;56;04/12/2024;28/01/2025;11154;CUR-20;143;1;63,8252;612,7499;615;14:15:22;14:16:08
TT;LUCIO;10479;TERMINAÇÃO;4;56;04/12/2024;28/01/2025;11154;CUR-20;143;1;63,8252;595,9996;580;16:38:19;16:39:47
TT;GUILHERME;10479;TERMINAÇÃO;1;55;05/12/2024;28/01/2025;11155;CUR-21;144;1;63,8252;661,5;670;09:35:20;09:35:38
TT;LUCIO;10479;TERMINAÇÃO;2;55;05/12/2024;28/01/2025;11155;CUR-21;144;1;63,8252;661,5;690;10:57:00;10:57:28
TT;GUILHERME;10479;TERMINAÇÃO;3;55;05/12/2024;28/01/2025;11155;CUR-21;144;1;63,8252;661,5;685;14:16:11;14:16:31
TT;LUCIO;10479;TERMINAÇÃO;4;55;05/12/2024;28/01/2025;11155;CUR-21;144;1;63,8252;601;610;16:39:54;16:40:29
TT;GUILHERME;10479;TERMINAÇÃO;1;61;29/11/2024;28/01/2025;11147;CUR-22;150;1;63,8252;817,75;900;09:35:41;09:36:05
TT;LUCIO;10479;TERMINAÇÃO;2;61;29/11/2024;28/01/2025;11147;CUR-22;150;1;63,8252;817,75;870;10:59:41;11:00:16
TT;GUILHERME;10479;TERMINAÇÃO;3;61;29/11/2024;28/01/2025;11147;CUR-22;150;1;63,8252;817,75;895;14:16:33;14:16:54
TT;LUCIO;10479;TERMINAÇÃO;4;61;29/11/2024;28/01/2025;11147;CUR-22;150;1;63,8252;606;620;16:40:33;16:41:20
TT;GUILHERME;10479;TERMINAÇÃO;1;57;03/12/2024;28/01/2025;11153;CUR-23;151;1;63,8252;565,25;585;09:36:05;09:36:28
TT;LUCIO;10479;TERMINAÇÃO;2;57;03/12/2024;28/01/2025;11153;CUR-23;151;1;63,8252;565,25;550;11:01:04;11:01:44
TT;GUILHERME;10479;TERMINAÇÃO;3;57;03/12/2024;28/01/2025;11153;CUR-23;151;1;63,8252;565,25;570;14:17:17;14:17:46
TT;LUCIO;10479;TERMINAÇÃO;4;57;03/12/2024;28/01/2025;11153;CUR-23;151;1;63,8252;556;570;16:41:24;16:41:56
TT;GUILHERME;10479;TERMINAÇÃO;1;57;03/12/2024;28/01/2025;11152;CUR-24;140;1;63,8252;776,5;795;09:36:30;09:36:51
TT;LUCIO;10479;TERMINAÇÃO;2;57;03/12/2024;28/01/2025;11152;CUR-24;140;1;63,8252;776,5;760;11:01:44;11:02:30
TT;GUILHERME;10479;TERMINAÇÃO;3;57;03/12/2024;28/01/2025;11152;CUR-24;140;1;63,8252;776,5;820;14:17:47;14:18:11
TT;LUCIO;10479;TERMINAÇÃO;4;57;03/12/2024;28/01/2025;11152;CUR-24;140;1;63,8252;731;740;16:42:07;16:42:41
TT;GUILHERME;10479;TERMINAÇÃO;1;68;22/11/2024;28/01/2025;11141;CUR-25;149;1;63,8252;899;910;09:36:53;09:37:16
TT;LUCIO;10479;TERMINAÇÃO;2;68;22/11/2024;28/01/2025;11141;CUR-25;149;1;63,8252;899;920;11:02:39;11:03:15
TT;GUILHERME;10479;TERMINAÇÃO;3;68;22/11/2024;28/01/2025;11141;CUR-25;149;1;63,8252;899;955;14:18:12;14:18:39
TT;LUCIO;10479;TERMINAÇÃO;4;68;22/11/2024;28/01/2025;11141;CUR-25;149;1;63,8252;811;850;16:42:46;16:43:24
TT;GUILHERME;10479;TERMINAÇÃO;1;68;22/11/2024;28/01/2025;11142;CUR-26;150;1;63,8252;730,25;765;09:37:17;09:37:43
TT;LUCIO;10479;TERMINAÇÃO;2;68;22/11/2024;28/01/2025;11142;CUR-26;150;1;63,8252;730,25;760;11:03:15;11:03:51
TT;GUILHERME;10479;TERMINAÇÃO;3;68;22/11/2024;28/01/2025;11142;CUR-26;150;1;63,8252;730,25;835;14:18:39;14:19:08
TT;LUCIO;10479;TERMINAÇÃO;4;68;22/11/2024;28/01/2025;11142;CUR-26;150;1;63,8252;561;570;16:43:28;16:44:04
TT;GUILHERME;10479;TERMINAÇÃO;1;65;25/11/2024;28/01/2025;11144;CUR-27;140;1;63,8252;754;750;15:54:00;15:54:00
TT;GUILHERME;10479;TERMINAÇÃO;2;65;25/11/2024;28/01/2025;11144;CUR-27;140;1;63,8252;754;750;15:54:00;15:54:00
TT;GUILHERME;10479;TERMINAÇÃO;3;65;25/11/2024;28/01/2025;11144;CUR-27;140;1;63,8252;754;750;15:54:00;15:54:00
TT;LUCIO;10479;TERMINAÇÃO;4;65;25/11/2024;28/01/2025;11144;CUR-27;140;1;63,8252;766;766;18:37:00;18:37:00
TT;GUILHERME;10479;TERMINAÇÃO;1;63;27/11/2024;28/01/2025;11146;CUR-28;139;1;63,8252;785,25;790;09:38:26;09:38:51
TT;GUILHERME;10479;TERMINAÇÃO;3;63;27/11/2024;28/01/2025;11146;CUR-28;139;1;63,8252;785,25;775;12:27:49;12:28:11
TT;GUILHERME;10479;TERMINAÇÃO;2;63;27/11/2024;28/01/2025;11146;CUR-28;139;1;63,8252;785,25;820;14:20:29;14:20:51
TT;GUILHERME;10479;TERMINAÇÃO;4;63;27/11/2024;28/01/2025;11146;CUR-28;139;1;63,8252;756;850;17:14:36;17:15:03
TT;GUILHERME;10479;TERMINAÇÃO;1;61;29/11/2024;28/01/2025;11148;CUR-29;146;1;63,8252;741,5001;755;09:38:51;09:39:15
TT;GUILHERME;10479;TERMINAÇÃO;3;61;29/11/2024;28/01/2025;11148;CUR-29;146;1;63,8252;741,5001;830;12:28:13;12:28:34
TT;GUILHERME;10479;TERMINAÇÃO;2;61;29/11/2024;28/01/2025;11148;CUR-29;146;1;63,8252;741,5001;800;14:20:51;14:21:13
TT;GUILHERME;10479;TERMINAÇÃO;4;61;29/11/2024;28/01/2025;11148;CUR-29;146;1;63,8252;581,0004;540;17:15:05;17:15:28
TT;GUILHERME;10479;TERMINAÇÃO;1;71;19/11/2024;28/01/2025;11135;CUR-3;150;1;63,8252;760;775;07:33:06;07:33:31
TT;GUILHERME;10479;TERMINAÇÃO;2;71;19/11/2024;28/01/2025;11135;CUR-3;150;1;63,8252;760;845;10:23:12;10:23:39
TT;GUILHERME;10479;TERMINAÇÃO;3;71;19/11/2024;28/01/2025;11135;CUR-3;150;1;63,8252;760;765;13:16:38;13:17:03
TT;GUILHERME;10479;TERMINAÇÃO;4;71;19/11/2024;28/01/2025;11135;CUR-3;150;1;63,8252;655;665;16:07:59;16:08:20
TT;GUILHERME;10479;TERMINAÇÃO;1;60;30/11/2024;28/01/2025;11149;CUR-30;145;1;63,8252;827,75;775;09:39:17;09:39:47
TT;GUILHERME;10479;TERMINAÇÃO;3;60;30/11/2024;28/01/2025;11149;CUR-30;145;1;63,8252;827,75;890;12:28:37;12:28:52
TT;GUILHERME;10479;TERMINAÇÃO;2;60;30/11/2024;28/01/2025;11149;CUR-30;145;1;63,8252;827,75;885;14:21:15;14:21:38
TT;GUILHERME;10479;TERMINAÇÃO;4;60;30/11/2024;28/01/2025;11149;CUR-30;145;1;63,8252;761;820;17:15:28;17:15:52
C;GUILHERME;10478;CRESCIMENTO;1;20;09/01/2025;28/01/2025;11191;CUR-31;140;1;61,3816;547,5;555;06:54:41;06:55:04
C;GUILHERME;10478;CRESCIMENTO;2;20;09/01/2025;28/01/2025;11191;CUR-31;140;1;61,3816;547,5;590;09:59:17;10:00:09
C;GUILHERME;10478;CRESCIMENTO;3;20;09/01/2025;28/01/2025;11191;CUR-31;140;1;61,3816;547,5;560;12:52:53;12:53:16
C;GUILHERME;10478;CRESCIMENTO;4;20;09/01/2025;28/01/2025;11191;CUR-31;140;1;61,3816;485;515;15:34:59;15:35:38
C;GUILHERME;10478;CRESCIMENTO;1;20;09/01/2025;28/01/2025;11190;CUR-32;135;1;61,3816;661,125;705;06:55:07;06:55:25
C;GUILHERME;10478;CRESCIMENTO;2;20;09/01/2025;28/01/2025;11190;CUR-32;135;1;61,3816;661,125;625;10:00:34;10:01:02
C;GUILHERME;10478;CRESCIMENTO;3;20;09/01/2025;28/01/2025;11190;CUR-32;135;1;61,3816;661,125;650;12:53:21;12:53:39
C;GUILHERME;10478;CRESCIMENTO;4;20;09/01/2025;28/01/2025;11190;CUR-32;135;1;61,3816;664,5;655;15:35:42;15:36:02
C;GUILHERME;10478;CRESCIMENTO;1;19;10/01/2025;28/01/2025;11192;CUR-33;151;1;61,3816;680;810;06:55:27;06:55:49
C;GUILHERME;10478;CRESCIMENTO;2;19;10/01/2025;28/01/2025;11192;CUR-33;151;1;61,3816;680;745;10:01:03;10:01:24
C;GUILHERME;10478;CRESCIMENTO;3;19;10/01/2025;28/01/2025;11192;CUR-33;151;1;61,3816;680;705;12:53:41;12:54:02
C;GUILHERME;10478;CRESCIMENTO;4;19;10/01/2025;28/01/2025;11192;CUR-33;151;1;61,3816;460;500;15:36:03;15:36:23
C;GUILHERME;10478;CRESCIMENTO;1;22;07/01/2025;28/01/2025;11189;CUR-34;133;1;61,3816;820;875;06:55:51;06:56:14
C;GUILHERME;10478;CRESCIMENTO;2;22;07/01/2025;28/01/2025;11189;CUR-34;133;1;61,3816;820;840;10:01:24;10:01:46
C;GUILHERME;10478;CRESCIMENTO;3;22;07/01/2025;28/01/2025;11189;CUR-34;133;1;61,3816;820;820;12:54:03;12:54:26
C;GUILHERME;10478;CRESCIMENTO;4;22;07/01/2025;28/01/2025;11189;CUR-34;133;1;61,3816;745;710;15:36:24;15:36:47
C;GUILHERME;10478;CRESCIMENTO;1;23;06/01/2025;28/01/2025;11187;CUR-35;134;1;61,3816;676,25;740;06:56:15;06:56:33
C;GUILHERME;10478;CRESCIMENTO;2;23;06/01/2025;28/01/2025;11187;CUR-35;134;1;61,3816;676,25;695;10:01:46;10:02:04
C;GUILHERME;10478;CRESCIMENTO;3;23;06/01/2025;28/01/2025;11187;CUR-35;134;1;61,3816;676,25;695;12:54:26;12:54:46
C;GUILHERME;10478;CRESCIMENTO;4;23;06/01/2025;28/01/2025;11187;CUR-35;134;1;61,3816;575;620;15:36:47;15:37:04
C;GUILHERME;10478;CRESCIMENTO;1;23;06/01/2025;28/01/2025;11188;CUR-36;133;1;61,3816;817,4375;810;08:28:47;08:29:10
C;GUILHERME;10478;CRESCIMENTO;2;23;06/01/2025;28/01/2025;11188;CUR-36;133;1;61,3816;817,4375;715;10:02:07;10:02:30
C;GUILHERME;10478;CRESCIMENTO;3;23;06/01/2025;28/01/2025;11188;CUR-36;133;1;61,3816;817,4375;850;12:54:47;12:55:09
C;GUILHERME;10478;CRESCIMENTO;4;23;06/01/2025;28/01/2025;11188;CUR-36;133;1;61,3816;894,75;895;15:37:07;15:37:32
C;GUILHERME;10478;CRESCIMENTO;1;19;10/01/2025;28/01/2025;11193;CUR-37;151;1;61,3816;712,375;695;08:29:12;08:29:34
C;GUILHERME;10478;CRESCIMENTO;2;19;10/01/2025;28/01/2025;11193;CUR-37;151;1;61,3816;712,375;700;10:02:30;10:02:52
C;GUILHERME;10478;CRESCIMENTO;3;19;10/01/2025;28/01/2025;11193;CUR-37;151;1;61,3816;712,375;700;12:55:10;12:55:29
C;LUCIO;10478;CRESCIMENTO;4;19;10/01/2025;28/01/2025;11193;CUR-37;151;1;61,3816;754,5;755;18:38:00;18:38:00
C;GUILHERME;10478;CRESCIMENTO;1;16;13/01/2025;28/01/2025;11197;CUR-38;144;1;61,3816;611,1563;590;06:57:15;06:57:48
C;GUILHERME;10478;CRESCIMENTO;2;16;13/01/2025;28/01/2025;11197;CUR-38;144;1;61,3816;611,1563;640;10:02:52;10:03:11
C;GUILHERME;10478;CRESCIMENTO;3;16;13/01/2025;28/01/2025;11197;CUR-38;144;1;61,3816;611,1563;625;12:55:30;12:55:50
C;GUILHERME;10478;CRESCIMENTO;4;16;13/01/2025;28/01/2025;11197;CUR-38;144;1;61,3816;589,6252;595;15:38:00;15:38:16
C;GUILHERME;10478;CRESCIMENTO;1;25;04/01/2025;28/01/2025;11185;CUR-39;151;1;61,3816;672,6562;730;08:30:01;08:30:58
C;GUILHERME;10478;CRESCIMENTO;2;25;04/01/2025;28/01/2025;11185;CUR-39;151;1;61,3816;672,6562;690;10:03:13;10:03:33
C;GUILHERME;10478;CRESCIMENTO;3;25;04/01/2025;28/01/2025;11185;CUR-39;151;1;61,3816;672,6562;725;12:55:52;12:56:11
C;GUILHERME;10478;CRESCIMENTO;4;25;04/01/2025;28/01/2025;11185;CUR-39;151;1;61,3816;545,6248;550;15:38:22;15:38:36
TT;GUILHERME;10479;TERMINAÇÃO;1;70;20/11/2024;28/01/2025;11139;CUR-4;144;1;63,8252;686,25;700;07:33:34;07:34:01
TT;GUILHERME;10479;TERMINAÇÃO;2;70;20/11/2024;28/01/2025;11139;CUR-4;144;1;63,8252;686,25;725;10:23:39;10:24:06
TT;GUILHERME;10479;TERMINAÇÃO;3;70;20/11/2024;28/01/2025;11139;CUR-4;144;1;63,8252;686,25;695;13:17:05;13:17:29
TT;GUILHERME;10479;TERMINAÇÃO;4;70;20/11/2024;28/01/2025;11139;CUR-4;144;1;63,8252;625;675;16:08:26;16:08:49
C;GUILHERME;10478;CRESCIMENTO;1;22;07/01/2025;28/01/2025;11186;CUR-40;146;1;61,3816;618,8438;655;06:58:10;06:58:31
C;GUILHERME;10478;CRESCIMENTO;2;22;07/01/2025;28/01/2025;11186;CUR-40;146;1;61,3816;618,8438;585;10:03:34;10:03:51
C;GUILHERME;10478;CRESCIMENTO;3;22;07/01/2025;28/01/2025;11186;CUR-40;146;1;61,3816;618,8438;645;12:56:13;12:56:36
C;GUILHERME;10478;CRESCIMENTO;4;22;07/01/2025;28/01/2025;11186;CUR-40;146;1;61,3816;590,3752;625;15:38:42;15:39:02
C;GUILHERME;10478;CRESCIMENTO;1;33;27/12/2024;28/01/2025;11179;CUR-41;150;1;61,3816;625,25;435;08:31:20;08:31:43
C;GUILHERME;10478;CRESCIMENTO;2;33;27/12/2024;28/01/2025;11179;CUR-41;150;1;61,3816;625,25;610;10:03:54;10:04:41
C;GUILHERME;10478;CRESCIMENTO;3;33;27/12/2024;28/01/2025;11179;CUR-41;150;1;61,3816;625,25;650;12:56:38;12:56:59
C;GUILHERME;10478;CRESCIMENTO;4;33;27/12/2024;28/01/2025;11179;CUR-41;150;1;61,3816;806;750;15:39:04;15:39:32
C;GUILHERME;10478;CRESCIMENTO;1;33;27/12/2024;28/01/2025;11180;CUR-42;147;1;61,3816;787,9688;780;06:58:57;06:59:35
C;GUILHERME;10478;CRESCIMENTO;2;33;27/12/2024;28/01/2025;11180;CUR-42;147;1;61,3816;787,9688;795;10:04:51;10:05:15
C;GUILHERME;10478;CRESCIMENTO;3;33;27/12/2024;28/01/2025;11180;CUR-42;147;1;61,3816;787,9688;785;12:57:00;12:57:24
C;GUILHERME;10478;CRESCIMENTO;4;33;27/12/2024;28/01/2025;11180;CUR-42;147;1;61,3816;791,8752;835;15:39:32;15:39:55
C;GUILHERME;10478;CRESCIMENTO;1;30;30/12/2024;28/01/2025;11183;CUR-43;140;1;61,3816;875,0937;910;08:32:07;08:32:32
C;GUILHERME;10478;CRESCIMENTO;2;30;30/12/2024;28/01/2025;11183;CUR-43;140;1;61,3816;875,0937;870;10:05:15;10:05:36
C;GUILHERME;10478;CRESCIMENTO;3;30;30/12/2024;28/01/2025;11183;CUR-43;140;1;61,3816;875,0937;900;12:57:24;12:57:46
C;GUILHERME;10478;CRESCIMENTO;4;30;30/12/2024;28/01/2025;11183;CUR-43;140;1;61,3816;820,3748;865;15:39:57;15:40:25
TT;GUILHERME;10479;TERMINAÇÃO;1;75;15/11/2024;28/01/2025;11126;CUR-44;137;1;63,8252;465;490;07:37:57;07:38:20
TT;GUILHERME;10479;TERMINAÇÃO;2;75;15/11/2024;28/01/2025;11126;CUR-44;137;1;63,8252;465;445;10:26:21;10:26:48
TT;GUILHERME;10479;TERMINAÇÃO;3;75;15/11/2024;28/01/2025;11126;CUR-44;137;1;63,8252;465;540;13:19:55;13:20:18
TT;GUILHERME;10479;TERMINAÇÃO;4;75;15/11/2024;28/01/2025;11126;CUR-44;137;1;63,8252;385;425;16:11:18;16:11:36
TT;GUILHERME;10479;TERMINAÇÃO;1;75;15/11/2024;28/01/2025;11129;CUR-45;150;1;63,8252;673,75;650;07:38:23;07:38:48
TT;GUILHERME;10479;TERMINAÇÃO;2;75;15/11/2024;28/01/2025;11129;CUR-45;150;1;63,8252;673,75;650;10:26:48;10:27:14
TT;GUILHERME;10479;TERMINAÇÃO;3;75;15/11/2024;28/01/2025;11129;CUR-45;150;1;63,8252;673,75;710;13:20:18;13:20:41
TT;GUILHERME;10479;TERMINAÇÃO;4;75;15/11/2024;28/01/2025;11129;CUR-45;150;1;63,8252;685;715;16:11:42;16:12:04
TT;GUILHERME;10479;TERMINAÇÃO;1;74;16/11/2024;28/01/2025;11130;CUR-46;148;1;63,8252;676,25;660;07:38:48;07:39:13
TT;GUILHERME;10479;TERMINAÇÃO;2;74;16/11/2024;28/01/2025;11130;CUR-46;148;1;63,8252;676,25;655;10:27:14;10:27:39
TT;GUILHERME;10479;TERMINAÇÃO;3;74;16/11/2024;28/01/2025;11130;CUR-46;148;1;63,8252;676,25;675;13:20:44;13:21:09
TT;GUILHERME;10479;TERMINAÇÃO;4;74;16/11/2024;28/01/2025;11130;CUR-46;148;1;63,8252;715;720;16:12:06;16:12:33
TT;GUILHERME;10479;TERMINAÇÃO;1;75;15/11/2024;28/01/2025;11127;CUR-47;153;1;63,8252;730;800;07:39:14;07:39:41
TT;GUILHERME;10479;TERMINAÇÃO;2;75;15/11/2024;28/01/2025;11127;CUR-47;153;1;63,8252;730;750;10:27:40;10:28:08
TT;GUILHERME;10479;TERMINAÇÃO;3;75;15/11/2024;28/01/2025;11127;CUR-47;153;1;63,8252;730;725;13:21:10;13:21:35
TT;GUILHERME;10479;TERMINAÇÃO;4;75;15/11/2024;28/01/2025;11127;CUR-47;153;1;63,8252;645;625;16:12:33;16:13:11
TT;GUILHERME;10479;TERMINAÇÃO;1;41;19/12/2024;28/01/2025;11170;CUR-48;160;1;63,8252;601,0714;605;07:40:15;07:40:41
TT;GUILHERME;10479;TERMINAÇÃO;2;41;19/12/2024;28/01/2025;11170;CUR-48;160;1;63,8252;601,0714;620;10:28:56;10:29:25
TT;GUILHERME;10479;TERMINAÇÃO;3;41;19/12/2024;28/01/2025;11170;CUR-48;160;1;63,8252;601,0714;610;13:22:10;13:22:33
TT;GUILHERME;10479;TERMINAÇÃO;4;41;19/12/2024;28/01/2025;11170;CUR-48;160;1;63,8252;569,2856;590;16:13:55;16:14:11
TT;GUILHERME;10479;TERMINAÇÃO;1;47;13/12/2024;28/01/2025;11166;CUR-49;144;1;63,8252;595,0607;575;07:40:41;07:41:08
TT;GUILHERME;10479;TERMINAÇÃO;2;47;13/12/2024;28/01/2025;11166;CUR-49;144;1;63,8252;595,0607;605;10:53:13;10:53:42
TT;GUILHERME;10479;TERMINAÇÃO;3;47;13/12/2024;28/01/2025;11166;CUR-49;144;1;63,8252;595,0607;620;13:50:25;13:50:53
TT;GUILHERME;10479;TERMINAÇÃO;4;47;13/12/2024;28/01/2025;11166;CUR-49;144;1;63,8252;580,2428;680;16:14:19;16:14:41
TT;GUILHERME;10479;TERMINAÇÃO;1;74;16/11/2024;28/01/2025;11132;CUR-5;146;1;63,8252;658,75;665;07:34:01;07:34:31
TT;GUILHERME;10479;TERMINAÇÃO;2;74;16/11/2024;28/01/2025;11132;CUR-5;146;1;63,8252;658,75;660;10:24:06;10:24:32
TT;GUILHERME;10479;TERMINAÇÃO;3;74;16/11/2024;28/01/2025;11132;CUR-5;146;1;63,8252;658,75;750;13:17:34;13:18:04
TT;GUILHERME;10479;TERMINAÇÃO;4;74;16/11/2024;28/01/2025;11132;CUR-5;146;1;63,8252;560;625;16:08:54;16:09:08
TT;GUILHERME;10479;TERMINAÇÃO;1;48;12/12/2024;28/01/2025;11164;CUR-50;105;1;63,8252;439,9842;460;08:05:38;08:06:00
TT;GUILHERME;10479;TERMINAÇÃO;2;48;12/12/2024;28/01/2025;11164;CUR-50;105;1;63,8252;439,9842;460;10:53:41;10:54:01
TT;GUILHERME;10479;TERMINAÇÃO;3;48;12/12/2024;28/01/2025;11164;CUR-50;105;1;63,8252;439,9842;475;13:50:52;13:51:15
TT;GUILHERME;10479;TERMINAÇÃO;4;48;12/12/2024;28/01/2025;11164;CUR-50;105;1;63,8252;364,9368;365;16:49:27;16:49:46
TT;GUILHERME;10479;TERMINAÇÃO;1;42;18/12/2024;28/01/2025;11171;CUR-51;150;1;63,8252;633,5292;670;08:06:03;08:06:28
TT;GUILHERME;10479;TERMINAÇÃO;2;42;18/12/2024;28/01/2025;11171;CUR-51;150;1;63,8252;633,5292;645;10:54:04;10:54:26
TT;GUILHERME;10479;TERMINAÇÃO;3;42;18/12/2024;28/01/2025;11171;CUR-51;150;1;63,8252;633,5292;630;13:51:16;13:51:40
TT;GUILHERME;10479;TERMINAÇÃO;4;42;18/12/2024;28/01/2025;11171;CUR-51;150;1;63,8252;589,1168;615;16:49:50;16:50:09
TT;GUILHERME;10479;TERMINAÇÃO;1;41;19/12/2024;28/01/2025;11173;CUR-52;150;1;63,8252;782,5948;825;08:06:29;08:06:52
TT;GUILHERME;10479;TERMINAÇÃO;2;41;19/12/2024;28/01/2025;11173;CUR-52;150;1;63,8252;782,5948;780;10:54:27;10:54:44
TT;GUILHERME;10479;TERMINAÇÃO;3;41;19/12/2024;28/01/2025;11173;CUR-52;150;1;63,8252;782,5948;810;13:51:40;13:52:05
TT;GUILHERME;10479;TERMINAÇÃO;4;41;19/12/2024;28/01/2025;11173;CUR-52;150;1;63,8252;715,3792;765;16:50:12;16:50:33
TT;GUILHERME;10479;TERMINAÇÃO;1;42;18/12/2024;28/01/2025;11172;CUR-53;149;1;63,8252;734,5092;790;08:06:52;08:07:16
TT;GUILHERME;10479;TERMINAÇÃO;2;42;18/12/2024;28/01/2025;11172;CUR-53;149;1;63,8252;734,5092;755;10:54:48;10:55:12
TT;GUILHERME;10479;TERMINAÇÃO;3;42;18/12/2024;28/01/2025;11172;CUR-53;149;1;63,8252;734,5092;560;13:52:05;13:52:28
TT;GUILHERME;10479;TERMINAÇÃO;4;42;18/12/2024;28/01/2025;11172;CUR-53;149;1;63,8252;833,0368;855;16:50:33;16:50:56
TT;GUILHERME;10479;TERMINAÇÃO;2;43;17/12/2024;28/01/2025;11169;CUR-54;148;1;63,8252;740,5199;745;09:08:15;09:08:48
TT;GUILHERME;10479;TERMINAÇÃO;1;43;17/12/2024;28/01/2025;11169;CUR-54;148;1;63,8252;740,5199;775;09:09:17;09:09:40
TT;GUILHERME;10479;TERMINAÇÃO;3;43;17/12/2024;28/01/2025;11169;CUR-54;148;1;63,8252;740,5199;725;10:55:25;10:55:54
TT;GUILHERME;10479;TERMINAÇÃO;4;43;17/12/2024;28/01/2025;11169;CUR-54;148;1;63,8252;717,0796;705;16:50:56;16:51:40
C;GUILHERME;10478;CRESCIMENTO;1;33;27/12/2024;28/01/2025;11181;CUR-55;150;1;61,3816;750;730;07:03:04;07:03:51
C;GUILHERME;10478;CRESCIMENTO;2;33;27/12/2024;28/01/2025;11181;CUR-55;150;1;61,3816;750;775;08:33:54;08:34:29
C;GUILHERME;10478;CRESCIMENTO;4;33;27/12/2024;28/01/2025;11181;CUR-55;150;1;61,3816;1494;1420;14:45:10;14:45:51
C;LUCIO;10478;CRESCIMENTO;3;33;27/12/2024;28/01/2025;11181;CUR-55;150;1;61,3816;750;1;15:55:00;15:55:00
C;GUILHERME;10478;CRESCIMENTO;1;39;21/12/2024;28/01/2025;11177;CUR-56;139;1;61,3816;726,25;695;07:03:54;07:04:22
C;GUILHERME;10478;CRESCIMENTO;2;39;21/12/2024;28/01/2025;11177;CUR-56;139;1;61,3816;726,25;735;08:34:32;08:34:54
C;GUILHERME;10478;CRESCIMENTO;4;39;21/12/2024;28/01/2025;11177;CUR-56;139;1;61,3816;1474;1465;14:45:51;14:47:15
C;LUCIO;10478;CRESCIMENTO;3;39;21/12/2024;28/01/2025;11177;CUR-56;139;1;61,3816;726,25;1;15:55:00;15:55:00
C;GUILHERME;10478;CRESCIMENTO;1;33;27/12/2024;28/01/2025;11182;CUR-57;146;1;61,3816;730;730;07:04:22;07:04:50
C;GUILHERME;10478;CRESCIMENTO;2;33;27/12/2024;28/01/2025;11182;CUR-57;146;1;61,3816;730;690;08:34:59;08:35:26
C;GUILHERME;10478;CRESCIMENTO;4;33;27/12/2024;28/01/2025;11182;CUR-57;146;1;61,3816;1499;1465;14:47:15;14:47:39
C;LUCIO;10478;CRESCIMENTO;3;33;27/12/2024;28/01/2025;11182;CUR-57;146;1;61,3816;730;1;15:55:00;15:55:00
C;GUILHERME;10478;CRESCIMENTO;1;47;13/12/2024;28/01/2025;11168;CUR-58;101;1;61,3816;561,25;545;07:04:50;07:05:16
C;GUILHERME;10478;CRESCIMENTO;2;47;13/12/2024;28/01/2025;11168;CUR-58;101;1;61,3816;561,25;635;08:35:26;08:35:40
C;GUILHERME;10478;CRESCIMENTO;4;47;13/12/2024;28/01/2025;11168;CUR-58;101;1;61,3816;1064;1095;14:47:42;14:48:04
C;LUCIO;10478;CRESCIMENTO;3;47;13/12/2024;28/01/2025;11168;CUR-58;101;1;61,3816;561,25;1;15:55:00;15:55:00
TT;LUCIO;10479;TERMINAÇÃO;1;75;15/11/2024;28/01/2025;11128;CUR-59;138;1;63,8252;697,5;700;09:40:49;09:42:13
TT;LUCIO;10479;TERMINAÇÃO;2;75;15/11/2024;28/01/2025;11128;CUR-59;138;1;63,8252;697,5;690;10:30:07;10:30:53
TT;LUCIO;10479;TERMINAÇÃO;3;75;15/11/2024;28/01/2025;11128;CUR-59;138;1;63,8252;697,5;710;13:03:36;13:04:43
TT;LUCIO;10479;TERMINAÇÃO;4;75;15/11/2024;28/01/2025;11128;CUR-59;138;1;63,8252;690;690;15:53:47;15:55:05
TT;GUILHERME;10479;TERMINAÇÃO;1;73;17/11/2024;28/01/2025;11133;CUR-6;142;1;63,8252;741,25;755;07:34:31;07:34:55
TT;GUILHERME;10479;TERMINAÇÃO;2;73;17/11/2024;28/01/2025;11133;CUR-6;142;1;63,8252;741,25;765;10:24:35;10:25:01
TT;GUILHERME;10479;TERMINAÇÃO;3;73;17/11/2024;28/01/2025;11133;CUR-6;142;1;63,8252;741,25;760;13:18:04;13:18:27
TT;GUILHERME;10479;TERMINAÇÃO;4;73;17/11/2024;28/01/2025;11133;CUR-6;142;1;63,8252;685;710;16:09:21;16:09:45
TT;LUCIO;10479;TERMINAÇÃO;1;74;16/11/2024;28/01/2025;11131;CUR-60;154;1;63,8252;827,5;790;09:42:36;09:43:15
TT;LUCIO;10479;TERMINAÇÃO;2;74;16/11/2024;28/01/2025;11131;CUR-60;154;1;63,8252;827,5;760;10:31:01;10:31:49
TT;LUCIO;10479;TERMINAÇÃO;3;74;16/11/2024;28/01/2025;11131;CUR-60;154;1;63,8252;827,5;840;13:04:55;13:05:29
TT;LUCIO;10479;TERMINAÇÃO;4;74;16/11/2024;28/01/2025;11131;CUR-60;154;1;63,8252;920;890;15:55:18;15:56:10
TT;LUCIO;10479;TERMINAÇÃO;1;79;11/11/2024;28/01/2025;11121;CUR-61;119;0;63,8252;624,75;620;09:43:19;09:44:02
TT;LUCIO;10479;TERMINAÇÃO;2;79;11/11/2024;28/01/2025;11121;CUR-61;119;0;63,8252;624,75;670;10:31:49;10:32:45
TT;LUCIO;10479;TERMINAÇÃO;3;79;11/11/2024;28/01/2025;11121;CUR-61;119;0;63,8252;624,75;630;13:05:38;13:06:18
TT;LUCIO;10479;TERMINAÇÃO;4;79;11/11/2024;28/01/2025;11121;CUR-61;119;0;63,8252;579;580;15:56:22;15:57:03
TT;LUCIO;10479;TERMINAÇÃO;1;79;11/11/2024;28/01/2025;11122;CUR-62;150;0;63,8252;774,375;740;09:44:06;09:44:37
TT;LUCIO;10479;TERMINAÇÃO;2;79;11/11/2024;28/01/2025;11122;CUR-62;150;0;63,8252;774,375;800;10:32:55;10:33:25
TT;LUCIO;10479;TERMINAÇÃO;3;79;11/11/2024;28/01/2025;11122;CUR-62;150;0;63,8252;774,375;760;13:06:25;13:06:59
TT;LUCIO;10479;TERMINAÇÃO;4;79;11/11/2024;28/01/2025;11122;CUR-62;150;0;63,8252;797,5;820;15:57:09;15:58:00
TT;LUCIO;10479;TERMINAÇÃO;1;82;08/11/2024;28/01/2025;11120;CUR-63;147;1;63,8252;741,25;760;09:45:16;09:45:55
TT;LUCIO;10479;TERMINAÇÃO;2;82;08/11/2024;28/01/2025;11120;CUR-63;147;1;63,8252;741,25;720;10:33:30;10:34:07
TT;LUCIO;10479;TERMINAÇÃO;3;82;08/11/2024;28/01/2025;11120;CUR-63;147;1;63,8252;741,25;740;13:07:37;13:08:33
TT;LUCIO;10479;TERMINAÇÃO;4;82;08/11/2024;28/01/2025;11120;CUR-63;147;1;63,8252;745;750;15:58:16;15:58:47
TT;LUCIO;10479;TERMINAÇÃO;1;78;12/11/2024;28/01/2025;11123;CUR-64;145;1;63,8252;666,25;650;09:46:01;09:46:38
TT;LUCIO;10479;TERMINAÇÃO;2;78;12/11/2024;28/01/2025;11123;CUR-64;145;1;63,8252;666,25;670;10:34:09;10:34:45
TT;LUCIO;10479;TERMINAÇÃO;3;78;12/11/2024;28/01/2025;11123;CUR-64;145;1;63,8252;666,25;690;13:08:36;13:09:15
TT;LUCIO;10479;TERMINAÇÃO;4;78;12/11/2024;28/01/2025;11123;CUR-64;145;1;63,8252;655;670;15:58:56;15:59:55
TT;LUCIO;10479;TERMINAÇÃO;1;82;08/11/2024;28/01/2025;11119;CUR-65;155;1;63,8252;761,25;730;09:46:38;09:47:21
TT;LUCIO;10479;TERMINAÇÃO;2;82;08/11/2024;28/01/2025;11119;CUR-65;155;1;63,8252;761,25;750;10:34:49;10:35:47
TT;LUCIO;10479;TERMINAÇÃO;3;82;08/11/2024;28/01/2025;11119;CUR-65;155;1;63,8252;761,25;720;13:09:19;13:10:27
TT;LUCIO;10479;TERMINAÇÃO;4;82;08/11/2024;28/01/2025;11119;CUR-65;155;1;63,8252;845;850;15:59:58;16:00:48
TT;LUCIO;10479;TERMINAÇÃO;1;83;07/11/2024;28/01/2025;11118;CUR-66;137;1;63,8252;738,75;730;10:36:09;10:36:39
TT;LUCIO;10479;TERMINAÇÃO;2;83;07/11/2024;28/01/2025;11118;CUR-66;137;1;63,8252;738,75;760;11:07:36;11:08:07
TT;LUCIO;10479;TERMINAÇÃO;3;83;07/11/2024;28/01/2025;11118;CUR-66;137;1;63,8252;738,75;310;13:10:28;13:11:02
TT;LUCIO;10479;TERMINAÇÃO;4;83;07/11/2024;28/01/2025;11118;CUR-66;137;1;63,8252;1155;1160;16:00:52;16:01:13
TT;GUILHERME;10479;TERMINAÇÃO;1;65;25/11/2024;28/01/2025;11143;CUR-67;150;1;63,8252;667,5;660;09:40:13;09:40:40
TT;GUILHERME;10479;TERMINAÇÃO;3;65;25/11/2024;28/01/2025;11143;CUR-67;150;1;63,8252;667,5;665;12:29:08;12:29:33
TT;GUILHERME;10479;TERMINAÇÃO;2;65;25/11/2024;28/01/2025;11143;CUR-67;150;1;63,8252;667,5;670;14:21:49;14:22:34
TT;GUILHERME;10479;TERMINAÇÃO;4;65;25/11/2024;28/01/2025;11143;CUR-67;150;1;63,8252;675;680;17:16:01;17:16:27
TT;GUILHERME;10479;TERMINAÇÃO;1;57;03/12/2024;28/01/2025;11151;CUR-68;135;1;63,8252;654;690;09:40:40;09:41:04
TT;GUILHERME;10479;TERMINAÇÃO;3;57;03/12/2024;28/01/2025;11151;CUR-68;135;1;63,8252;654;700;12:29:35;12:29:55
TT;GUILHERME;10479;TERMINAÇÃO;2;57;03/12/2024;28/01/2025;11151;CUR-68;135;1;63,8252;654;700;14:22:42;14:23:08
TT;GUILHERME;10479;TERMINAÇÃO;4;57;03/12/2024;28/01/2025;11151;CUR-68;135;1;63,8252;526;575;17:16:27;17:16:52
TT;GUILHERME;10479;TERMINAÇÃO;1;60;30/11/2024;28/01/2025;11150;CUR-69;149;1;63,8252;674;655;09:41:05;09:41:29
TT;GUILHERME;10479;TERMINAÇÃO;3;60;30/11/2024;28/01/2025;11150;CUR-69;149;1;63,8252;674;685;12:30:00;12:30:19
TT;GUILHERME;10479;TERMINAÇÃO;2;60;30/11/2024;28/01/2025;11150;CUR-69;149;1;63,8252;674;555;14:23:09;14:23:41
TT;GUILHERME;10479;TERMINAÇÃO;4;60;30/11/2024;28/01/2025;11150;CUR-69;149;1;63,8252;801;825;17:16:53;17:17:18
TT;GUILHERME;10479;TERMINAÇÃO;1;72;18/11/2024;28/01/2025;11137;CUR-7;148;1;63,8252;772,5;730;07:34:57;07:35:19
TT;GUILHERME;10479;TERMINAÇÃO;2;72;18/11/2024;28/01/2025;11137;CUR-7;148;1;63,8252;772,5;755;10:25:01;10:25:22
TT;GUILHERME;10479;TERMINAÇÃO;3;72;18/11/2024;28/01/2025;11137;CUR-7;148;1;63,8252;772,5;785;13:18:32;13:18:49
TT;GUILHERME;10479;TERMINAÇÃO;4;72;18/11/2024;28/01/2025;11137;CUR-7;148;1;63,8252;820;840;16:09:48;16:10:10
TT;GUILHERME;10479;TERMINAÇÃO;1;64;26/11/2024;28/01/2025;11145;CUR-70;158;1;63,8252;665;620;09:04:07;09:04:40
TT;GUILHERME;10479;TERMINAÇÃO;3;64;26/11/2024;28/01/2025;11145;CUR-70;158;1;63,8252;665;335;09:41:41;09:42:15
TT;GUILHERME;10479;TERMINAÇÃO;4;64;26/11/2024;28/01/2025;11145;CUR-70;158;1;63,8252;915;1020;12:30:37;12:31:02
TT;GUILHERME;10479;TERMINAÇÃO;2;64;26/11/2024;28/01/2025;11145;CUR-70;158;1;63,8252;665;790;14:23:42;14:23:44
A;LUCIO;10477;ADAPTAÇÃO;1;7;22/01/2025;28/01/2025;11198;CUR-72;150;-1;53,9673;299,75;280;07:21:18;07:22:17
A;LUCIO;10477;ADAPTAÇÃO;2;7;22/01/2025;28/01/2025;11198;CUR-72;150;-1;53,9673;299,75;270;07:32:21;07:33:06
A;LUCIO;10477;ADAPTAÇÃO;4;7;22/01/2025;28/01/2025;11198;CUR-72;150;-1;53,9673;649;840;12:10:37;12:11:17
A;LUCIO;10477;ADAPTAÇÃO;3;7;22/01/2025;28/01/2025;11198;CUR-72;150;-1;53,9673;299,75;200;15:54:00;15:54:00
A;LUCIO;10477;ADAPTAÇÃO;1;6;23/01/2025;28/01/2025;11199;CUR-73;150;-1;53,9673;324,5;300;07:22:29;07:23:13
A;LUCIO;10477;ADAPTAÇÃO;2;6;23/01/2025;28/01/2025;11199;CUR-73;150;-1;53,9673;324,5;290;07:33:18;07:33:51
A;LUCIO;10477;ADAPTAÇÃO;4;6;23/01/2025;28/01/2025;11199;CUR-73;150;-1;53,9673;808;880;12:11:26;12:12:40
A;LUCIO;10477;ADAPTAÇÃO;3;6;23/01/2025;28/01/2025;11199;CUR-73;150;-1;53,9673;324,5;100;15:54:00;15:54:00
A;LUCIO;10477;ADAPTAÇÃO;1;6;23/01/2025;28/01/2025;11200;CUR-74;159;-1;53,9673;357,4999;330;07:23:20;07:23:56
A;LUCIO;10477;ADAPTAÇÃO;2;6;23/01/2025;28/01/2025;11200;CUR-74;159;-1;53,9673;357,4999;340;07:33:56;07:34:45
A;LUCIO;10477;ADAPTAÇÃO;4;6;23/01/2025;28/01/2025;11200;CUR-74;159;-1;53,9673;859,9996;960;12:12:40;12:14:00
A;LUCIO;10477;ADAPTAÇÃO;3;6;23/01/2025;28/01/2025;11200;CUR-74;159;-1;53,9673;357,4999;100;15:54:00;15:54:00
A;LUCIO;10477;ADAPTAÇÃO;1;5;24/01/2025;28/01/2025;11201;CUR-75;153;-1;53,9673;330;300;07:24:00;07:25:03
A;LUCIO;10477;ADAPTAÇÃO;2;5;24/01/2025;28/01/2025;11201;CUR-75;153;-1;53,9673;330;290;07:34:50;07:35:22
A;LUCIO;10477;ADAPTAÇÃO;4;5;24/01/2025;28/01/2025;11201;CUR-75;153;-1;53,9673;830;930;12:40:06;12:41:04
A;LUCIO;10477;ADAPTAÇÃO;3;5;24/01/2025;28/01/2025;11201;CUR-75;153;-1;53,9673;330;100;15:54:00;15:54:00
A;LUCIO;10477;ADAPTAÇÃO;1;5;24/01/2025;28/01/2025;11202;CUR-76;155;-1;53,9673;340,9999;300;07:25:10;07:26:07
A;LUCIO;10477;ADAPTAÇÃO;2;5;24/01/2025;28/01/2025;11202;CUR-76;155;-1;53,9673;340,9999;330;07:35:26;07:35:53
A;LUCIO;10477;ADAPTAÇÃO;4;5;24/01/2025;28/01/2025;11202;CUR-76;155;-1;53,9673;833,9996;940;12:41:09;12:42:01
A;LUCIO;10477;ADAPTAÇÃO;3;5;24/01/2025;28/01/2025;11202;CUR-76;155;-1;53,9673;340,9999;100;15:54:00;15:54:00
A;LUCIO;10477;ADAPTAÇÃO;1;3;26/01/2025;28/01/2025;11203;CUR-77;150;-1;53,9673;291,5001;270;07:26:13;07:26:45
A;LUCIO;10477;ADAPTAÇÃO;2;3;26/01/2025;28/01/2025;11203;CUR-77;150;-1;53,9673;291,5001;280;07:36:00;07:36:46
A;LUCIO;10477;ADAPTAÇÃO;4;3;26/01/2025;28/01/2025;11203;CUR-77;150;-1;53,9673;566,0004;830;12:42:13;12:43:38
A;LUCIO;10477;ADAPTAÇÃO;3;3;26/01/2025;28/01/2025;11203;CUR-77;150;-1;53,9673;291,5001;250;15:54:00;15:54:00
A;LUCIO;10477;ADAPTAÇÃO;1;3;26/01/2025;28/01/2025;11204;CUR-78;150;-1;53,9673;310,7501;270;07:26:53;07:27:28
A;LUCIO;10477;ADAPTAÇÃO;2;3;26/01/2025;28/01/2025;11204;CUR-78;150;-1;53,9673;310,7501;300;07:36:46;07:37:40
A;LUCIO;10477;ADAPTAÇÃO;4;3;26/01/2025;28/01/2025;11204;CUR-78;150;-1;53,9673;773,0004;900;12:43:45;12:44:14
A;LUCIO;10477;ADAPTAÇÃO;3;3;26/01/2025;28/01/2025;11204;CUR-78;150;-1;53,9673;310,7501;100;15:54:00;15:54:00
A;LUCIO;10477;ADAPTAÇÃO;1;3;26/01/2025;28/01/2025;11205;CUR-79;115;-1;53,9673;192,5;190;07:27:32;07:28:14
A;LUCIO;10477;ADAPTAÇÃO;2;3;26/01/2025;28/01/2025;11205;CUR-79;115;-1;53,9673;192,5;130;07:37:45;07:38:38
A;LUCIO;10477;ADAPTAÇÃO;4;3;26/01/2025;28/01/2025;11205;CUR-79;115;-1;53,9673;600;650;12:44:21;12:45:01
A;LUCIO;10477;ADAPTAÇÃO;3;3;26/01/2025;28/01/2025;11205;CUR-79;115;-1;53,9673;192,5;50;15:54:00;15:54:00
TT;GUILHERME;10479;TERMINAÇÃO;1;71;19/11/2024;28/01/2025;11138;CUR-8;148;1;63,8252;897,5;950;07:35:19;07:35:56
TT;GUILHERME;10479;TERMINAÇÃO;2;71;19/11/2024;28/01/2025;11138;CUR-8;148;1;63,8252;897,5;945;10:25:22;10:25:41
TT;GUILHERME;10479;TERMINAÇÃO;3;71;19/11/2024;28/01/2025;11138;CUR-8;148;1;63,8252;897,5;900;13:18:54;13:19:12
TT;GUILHERME;10479;TERMINAÇÃO;4;71;19/11/2024;28/01/2025;11138;CUR-8;148;1;63,8252;795;830;16:10:10;16:10:32
TT;GUILHERME;10479;TERMINAÇÃO;1;17;12/01/2025;28/01/2025;11194;CUR-80;81;1;63,8252;408,75;410;08:56:28;08:57:08
TT;GUILHERME;10479;TERMINAÇÃO;2;17;12/01/2025;28/01/2025;11194;CUR-80;81;1;63,8252;408,75;415;08:59:24;08:59:52
TT;GUILHERME;10479;TERMINAÇÃO;4;17;12/01/2025;28/01/2025;11194;CUR-80;81;1;63,8252;809;840;12:33:29;12:33:55
TT;GUILHERME;10479;TERMINAÇÃO;3;17;12/01/2025;28/01/2025;11194;CUR-80;81;1;63,8252;408,75;1;15:54:00;15:54:00
TT;GUILHERME;10479;TERMINAÇÃO;1;16;13/01/2025;28/01/2025;11195;CUR-81;100;1;63,8252;546,25;565;08:57:08;08:57:32
TT;GUILHERME;10479;TERMINAÇÃO;2;16;13/01/2025;28/01/2025;11195;CUR-81;100;1;63,8252;546,25;500;08:59:56;09:00:13
TT;GUILHERME;10479;TERMINAÇÃO;4;16;13/01/2025;28/01/2025;11195;CUR-81;100;1;63,8252;1119;1140;12:33:56;12:34:21
TT;GUILHERME;10479;TERMINAÇÃO;3;16;13/01/2025;28/01/2025;11195;CUR-81;100;1;63,8252;546,25;1;15:54:00;15:54:00
TT;GUILHERME;10479;TERMINAÇÃO;1;148;03/09/2024;28/01/2025;11054;CUR-82;81;1;63,8252;290;340;08:57:34;08:57:52
TT;GUILHERME;10479;TERMINAÇÃO;2;148;03/09/2024;28/01/2025;11054;CUR-82;81;1;63,8252;290;320;09:00:20;09:00:45
TT;GUILHERME;10479;TERMINAÇÃO;4;148;03/09/2024;28/01/2025;11054;CUR-82;81;1;63,8252;499;515;12:34:21;12:34:39
TT;GUILHERME;10479;TERMINAÇÃO;3;148;03/09/2024;28/01/2025;11054;CUR-82;81;1;63,8252;290;1;15:54:00;15:54:00
TT;LUCIO;10479;TERMINAÇÃO;1;98;23/10/2024;28/01/2025;11098;CUR-84;149;1;63,8252;463,75;470;07:57:50;07:59:03
TT;LUCIO;10479;TERMINAÇÃO;2;98;23/10/2024;28/01/2025;11098;CUR-84;149;1;63,8252;463,75;450;09:05:28;09:06:05
TT;LUCIO;10479;TERMINAÇÃO;3;98;23/10/2024;28/01/2025;11098;CUR-84;149;1;63,8252;463,75;460;13:29:17;13:30:47
TT;LUCIO;10479;TERMINAÇÃO;4;98;23/10/2024;28/01/2025;11098;CUR-84;149;1;63,8252;475;490;15:22:46;15:23:42
TT;LUCIO;10479;TERMINAÇÃO;1;99;22/10/2024;28/01/2025;11097;CUR-85;150;1;63,8252;601,25;610;07:59:04;07:59:52
TT;LUCIO;10479;TERMINAÇÃO;2;99;22/10/2024;28/01/2025;11097;CUR-85;150;1;63,8252;601,25;620;09:06:20;09:06:54
TT;LUCIO;10479;TERMINAÇÃO;3;99;22/10/2024;28/01/2025;11097;CUR-85;150;1;63,8252;601,25;600;13:30:52;13:31:46
TT;LUCIO;10479;TERMINAÇÃO;4;99;22/10/2024;28/01/2025;11097;CUR-85;150;1;63,8252;575;580;15:23:49;15:24:26
TT;LUCIO;10479;TERMINAÇÃO;1;95;26/10/2024;28/01/2025;11099;CUR-86;150;1;63,8252;665;710;07:59:57;08:00:46
TT;LUCIO;10479;TERMINAÇÃO;2;95;26/10/2024;28/01/2025;11099;CUR-86;150;1;63,8252;665;690;09:07:04;09:07:47
TT;LUCIO;10479;TERMINAÇÃO;3;95;26/10/2024;28/01/2025;11099;CUR-86;150;1;63,8252;665;740;13:31:51;13:33:07
TT;LUCIO;10479;TERMINAÇÃO;4;95;26/10/2024;28/01/2025;11099;CUR-86;150;1;63,8252;520;520;15:24:32;15:25:08
TT;LUCIO;10479;TERMINAÇÃO;1;96;25/10/2024;28/01/2025;11100;CUR-87;160;1;63,8252;718,75;710;08:00:50;08:02:14
TT;LUCIO;10479;TERMINAÇÃO;2;96;25/10/2024;28/01/2025;11100;CUR-87;160;1;63,8252;718,75;720;09:07:53;09:08:41
TT;LUCIO;10479;TERMINAÇÃO;3;96;25/10/2024;28/01/2025;11100;CUR-87;160;1;63,8252;718,75;700;13:33:07;13:34:17
TT;LUCIO;10479;TERMINAÇÃO;4;96;25/10/2024;28/01/2025;11100;CUR-87;160;1;63,8252;745;730;15:25:19;15:25:57
TT;LUCIO;10479;TERMINAÇÃO;1;93;28/10/2024;28/01/2025;11101;CUR-88;105;1;63,8252;452,5;540;08:02:18;08:03:17
TT;LUCIO;10479;TERMINAÇÃO;2;93;28/10/2024;28/01/2025;11101;CUR-88;105;1;63,8252;452,5;510;09:08:51;09:09:25
TT;LUCIO;10479;TERMINAÇÃO;3;93;28/10/2024;28/01/2025;11101;CUR-88;105;1;63,8252;452,5;500;13:34:22;13:34:57
TT;LUCIO;10479;TERMINAÇÃO;4;93;28/10/2024;28/01/2025;11101;CUR-88;105;1;63,8252;260;270;15:26:05;15:26:36
TT;LUCIO;10479;TERMINAÇÃO;1;93;28/10/2024;28/01/2025;11102;CUR-89;152;1;63,8252;666,25;690;08:05:14;08:05:49
TT;LUCIO;10479;TERMINAÇÃO;2;93;28/10/2024;28/01/2025;11102;CUR-89;152;1;63,8252;666,25;690;09:09:52;09:10:27
TT;LUCIO;10479;TERMINAÇÃO;3;93;28/10/2024;28/01/2025;11102;CUR-89;152;1;63,8252;666,25;670;13:35:00;13:35:41
TT;LUCIO;10479;TERMINAÇÃO;4;93;28/10/2024;28/01/2025;11102;CUR-89;152;1;63,8252;615;620;15:26:45;15:27:42
TT;GUILHERME;10479;TERMINAÇÃO;1;73;17/11/2024;28/01/2025;11134;CUR-9;159;1;63,8252;730;740;07:37:16;07:37:30
TT;GUILHERME;10479;TERMINAÇÃO;2;73;17/11/2024;28/01/2025;11134;CUR-9;159;1;63,8252;730;760;10:25:43;10:26:03
TT;GUILHERME;10479;TERMINAÇÃO;3;73;17/11/2024;28/01/2025;11134;CUR-9;159;1;63,8252;730;800;13:19:15;13:19:34
TT;GUILHERME;10479;TERMINAÇÃO;4;73;17/11/2024;28/01/2025;11134;CUR-9;159;1;63,8252;620;640;16:10:32;16:10:53
TT;LUCIO;10479;TERMINAÇÃO;1;88;02/11/2024;28/01/2025;11105;CUR-90;150;1;63,8252;645;640;08:05:54;08:06:21
TT;LUCIO;10479;TERMINAÇÃO;2;88;02/11/2024;28/01/2025;11105;CUR-90;150;1;63,8252;645;650;09:10:31;09:11:36
TT;LUCIO;10479;TERMINAÇÃO;3;88;02/11/2024;28/01/2025;11105;CUR-90;150;1;63,8252;645;660;13:35:56;13:36:26
TT;LUCIO;10479;TERMINAÇÃO;4;88;02/11/2024;28/01/2025;11105;CUR-90;150;1;63,8252;630;640;15:29:02;15:29:47
TT;LUCIO;10479;TERMINAÇÃO;1;89;01/11/2024;28/01/2025;11110;CUR-91;148;1;63,8252;665;690;09:12:00;09:12:13
TT;LUCIO;10479;TERMINAÇÃO;2;89;01/11/2024;28/01/2025;11110;CUR-91;148;1;63,8252;665;660;09:12:38;09:13:15
TT;LUCIO;10479;TERMINAÇÃO;3;89;01/11/2024;28/01/2025;11110;CUR-91;148;1;63,8252;665;640;13:36:29;13:37:18
TT;LUCIO;10479;TERMINAÇÃO;4;89;01/11/2024;28/01/2025;11110;CUR-91;148;1;63,8252;670;680;15:29:55;15:30:32
TT;LUCIO;10479;TERMINAÇÃO;1;90;31/10/2024;28/01/2025;11104;CUR-92;160;1;63,8252;697,5;690;09:13:38;09:14:02
TT;LUCIO;10479;TERMINAÇÃO;2;90;31/10/2024;28/01/2025;11104;CUR-92;160;1;63,8252;697,5;700;09:14:22;09:15:33
TT;LUCIO;10479;TERMINAÇÃO;3;90;31/10/2024;28/01/2025;11104;CUR-92;160;1;63,8252;697,5;710;14:13:26;14:14:00
TT;LUCIO;10479;TERMINAÇÃO;4;90;31/10/2024;28/01/2025;11104;CUR-92;160;1;63,8252;690;700;15:02:26;15:04:30
TT;LUCIO;10479;TERMINAÇÃO;1;88;02/11/2024;28/01/2025;11106;CUR-93;150;1;63,8252;542,5;600;08:30:06;08:30:50
TT;LUCIO;10479;TERMINAÇÃO;2;88;02/11/2024;28/01/2025;11106;CUR-93;150;1;63,8252;542,5;610;10:06:01;10:06:57
TT;LUCIO;10479;TERMINAÇÃO;3;88;02/11/2024;28/01/2025;11106;CUR-93;150;1;63,8252;542,5;580;14:05:14;14:06:44
TT;LUCIO;10479;TERMINAÇÃO;4;88;02/11/2024;28/01/2025;11106;CUR-93;150;1;63,8252;380;370;14:53:45;14:54:53
TT;LUCIO;10479;TERMINAÇÃO;1;83;07/11/2024;28/01/2025;11116;CUR-94;154;1;63,8252;667,5;670;08:31:08;08:31:48
TT;LUCIO;10479;TERMINAÇÃO;2;83;07/11/2024;28/01/2025;11116;CUR-94;154;1;63,8252;667,5;680;10:06:58;10:07:26
TT;LUCIO;10479;TERMINAÇÃO;3;83;07/11/2024;28/01/2025;11116;CUR-94;154;1;63,8252;667,5;700;14:06:51;14:07:24
TT;LUCIO;10479;TERMINAÇÃO;4;83;07/11/2024;28/01/2025;11116;CUR-94;154;1;63,8252;620;640;14:54:59;14:55:32
TT;LUCIO;10479;TERMINAÇÃO;1;89;01/11/2024;28/01/2025;11112;CUR-95;140;1;63,8252;630;640;08:31:52;08:32:17
TT;LUCIO;10479;TERMINAÇÃO;2;89;01/11/2024;28/01/2025;11112;CUR-95;140;1;63,8252;630;620;10:07:29;10:09:14
TT;LUCIO;10479;TERMINAÇÃO;3;89;01/11/2024;28/01/2025;11112;CUR-95;140;1;63,8252;630;650;14:07:30;14:08:21
TT;LUCIO;10479;TERMINAÇÃO;4;89;01/11/2024;28/01/2025;11112;CUR-95;140;1;63,8252;610;600;14:55:37;14:56:05
TT;LUCIO;10479;TERMINAÇÃO;1;86;04/11/2024;28/01/2025;11115;CUR-96;150;1;63,8252;660;660;08:32:22;08:33:06
TT;LUCIO;10479;TERMINAÇÃO;2;86;04/11/2024;28/01/2025;11115;CUR-96;150;1;63,8252;660;650;10:09:19;10:09:51
TT;LUCIO;10479;TERMINAÇÃO;3;86;04/11/2024;28/01/2025;11115;CUR-96;150;1;63,8252;660;670;14:08:26;14:08:58
TT;LUCIO;10479;TERMINAÇÃO;4;86;04/11/2024;28/01/2025;11115;CUR-96;150;1;63,8252;660;670;14:56:09;14:56:45
TT;LUCIO;10479;TERMINAÇÃO;1;89;01/11/2024;28/01/2025;11109;CUR-97;146;1;63,8252;666,25;650;08:33:10;08:34:15
TT;LUCIO;10479;TERMINAÇÃO;2;89;01/11/2024;28/01/2025;11109;CUR-97;146;1;63,8252;666,25;650;10:09:51;10:10:30
TT;LUCIO;10479;TERMINAÇÃO;3;89;01/11/2024;28/01/2025;11109;CUR-97;146;1;63,8252;666,25;720;14:09:02;14:09:36
TT;LUCIO;10479;TERMINAÇÃO;4;89;01/11/2024;28/01/2025;11109;CUR-97;146;1;63,8252;645;620;14:56:49;14:57:19
TT;LUCIO;10479;TERMINAÇÃO;1;91;30/10/2024;28/01/2025;11103;CUR-98;137;1;63,8252;583,75;600;08:34:18;08:35:08
TT;LUCIO;10479;TERMINAÇÃO;2;91;30/10/2024;28/01/2025;11103;CUR-98;137;1;63,8252;583,75;590;10:10:30;10:10:54
TT;LUCIO;10479;TERMINAÇÃO;3;91;30/10/2024;28/01/2025;11103;CUR-98;137;1;63,8252;583,75;590;14:09:36;14:10:18
TT;LUCIO;10479;TERMINAÇÃO;4;91;30/10/2024;28/01/2025;11103;CUR-98;137;1;63,8252;555;550;14:57:24;14:58:01
TT;LUCIO;10479;TERMINAÇÃO;1;90;31/10/2024;28/01/2025;11108;CUR-99;145;1;63,8252;670;670;08:35:13;08:35:55
TT;LUCIO;10479;TERMINAÇÃO;2;90;31/10/2024;28/01/2025;11108;CUR-99;145;1;63,8252;670;680;10:10:58;10:11:51
TT;LUCIO;10479;TERMINAÇÃO;3;90;31/10/2024;28/01/2025;11108;CUR-99;145;1;63,8252;670;680;14:10:21;14:10:48
TT;LUCIO;10479;TERMINAÇÃO;4;90;31/10/2024;28/01/2025;11108;CUR-99;145;1;63,8252;650;650;14:58:09;14:58:44
A;LUCIO;10477;ADAPTAÇÃO;1;3;26/01/2025;28/01/2025;11206;ENF-12;30;1;53,9673;62,5;130;07:19:23;07:20:22
A;LUCIO;10477;ADAPTAÇÃO;4;3;26/01/2025;28/01/2025;11206;ENF-12;30;1;53,9673;118;120;12:09:15;12:10:07
A;LUCIO;10477;ADAPTAÇÃO;2;3;26/01/2025;28/01/2025;11206;ENF-12;30;1;53,9673;62,5;1;15:54:00;15:54:00
A;LUCIO;10477;ADAPTAÇÃO;3;3;26/01/2025;28/01/2025;11206;ENF-12;30;1;53,9673;62,5;1;15:54:00;15:54:00
